IP Address,Port,Code,Country,Anonymity,Google,Https,Last Checked
31.210.211.147,8080,RU,Russian Federation,transparent,no,no,3 seconds ago
189.108.110.27,3128,BR,Brazil,transparent,no,no,3 seconds ago
201.49.66.94,92,BR,Brazil,transparent,no,no,3 seconds ago
117.206.149.100,32231,IN,India,transparent,no,no,3 seconds ago
190.131.223.210,3128,CO,Colombia,transparent,no,no,3 seconds ago
175.139.218.9,8080,MY,Malaysia,transparent,no,no,3 seconds ago
85.248.177.92,3128,SK,Slovakia,transparent,no,no,3 seconds ago
203.142.70.26,8080,ID,Indonesia,transparent,no,no,3 seconds ago
201.202.29.194,8080,CR,Costa Rica,transparent,no,no,3 seconds ago
31.200.206.86,32231,RU,Russian Federation,transparent,no,no,3 seconds ago
194.154.71.198,21213,RU,Russian Federation,transparent,no,no,3 seconds ago
198.50.168.210,80,CA,Canada,transparent,no,no,3 seconds ago
109.74.50.14,21213,HU,Hungary,transparent,no,no,3 seconds ago
189.58.101.69,53281,BR,Brazil,transparent,no,no,3 seconds ago
118.171.221.2,3128,TW,Taiwan,transparent,no,no,3 seconds ago
142.44.130.187,80,CA,Canada,anonymous,no,yes,4 seconds ago
193.254.217.182,32231,UA,Ukraine,elite proxy,no,yes,4 seconds ago
181.211.166.105,54314,EC,Ecuador,elite proxy,no,yes,4 seconds ago
13.125.253.242,80,KR,Korea,anonymous,no,no,4 seconds ago
195.138.90.32,32231,UA,Ukraine,elite proxy,no,yes,4 seconds ago
191.240.156.138,53281,BR,Brazil,elite proxy,no,no,4 seconds ago
18.228.14.44,8080,BR,Brazil,anonymous,no,no,4 seconds ago
5.152.18.213,32231,GE,Georgia,elite proxy,no,yes,4 seconds ago
31.15.88.122,36127,RU,Russian Federation,elite proxy,no,yes,4 seconds ago
153.149.185.166,8080,JP,Japan,elite proxy,no,yes,4 seconds ago
168.194.154.243,53281,BR,Brazil,elite proxy,no,yes,4 seconds ago
41.222.225.141,80,ZA,South Africa,anonymous,no,no,4 seconds ago
45.225.6.62,53281,BR,Brazil,elite proxy,no,yes,4 seconds ago
190.185.117.50,36127,HN,Honduras,elite proxy,no,yes,4 seconds ago
153.149.185.156,3128,JP,Japan,elite proxy,no,yes,4 seconds ago
186.233.98.198,53281,BR,Brazil,elite proxy,no,yes,4 seconds ago
153.149.185.170,8080,JP,Japan,elite proxy,no,yes,4 seconds ago
177.105.135.235,8080,BR,Brazil,elite proxy,no,yes,4 seconds ago
153.149.185.159,3128,JP,Japan,elite proxy,no,yes,4 seconds ago
186.225.43.9,53281,BR,Brazil,elite proxy,no,yes,4 seconds ago
194.54.163.92,36127,UA,Ukraine,elite proxy,no,yes,4 seconds ago
206.189.238.81,80,US,United States,anonymous,no,yes,4 seconds ago
151.80.143.155,53281,FR,France,elite proxy,no,no,4 seconds ago
140.227.81.53,3128,JP,Japan,elite proxy,no,yes,4 seconds ago
190.52.189.5,53281,PY,Paraguay,elite proxy,no,yes,4 seconds ago
185.226.113.180,36127,UA,Ukraine,elite proxy,no,no,4 seconds ago
46.39.251.226,21231,RU,Russian Federation,elite proxy,no,yes,4 seconds ago
206.189.65.241,8080,US,United States,anonymous,no,no,4 seconds ago
180.250.219.58,53281,ID,Indonesia,elite proxy,no,no,4 seconds ago
109.94.227.83,32231,RS,Serbia,elite proxy,no,no,4 seconds ago
153.149.169.95,3128,JP,Japan,elite proxy,no,yes,4 seconds ago
153.149.185.169,3128,JP,Japan,elite proxy,no,yes,4 seconds ago
177.190.147.75,21776,BR,Brazil,elite proxy,no,yes,4 seconds ago
185.142.208.109,41258,CZ,Czech Republic,elite proxy,no,no,4 seconds ago
1.20.142.113,8080,TH,Thailand,anonymous,no,no,4 seconds ago
185.155.32.112,41258,CZ,Czech Republic,elite proxy,no,no,4 seconds ago
104.168.157.236,3128,US,United States,elite proxy,no,yes,4 seconds ago
176.109.194.62,32231,UA,Ukraine,elite proxy,no,yes,4 seconds ago
212.98.150.50,80,LB,Lebanon,anonymous,no,no,4 seconds ago
178.214.224.138,36127,RU,Russian Federation,elite proxy,no,yes,4 seconds ago
41.222.226.46,80,ZA,South Africa,anonymous,no,no,4 seconds ago
185.107.204.53,32231,IT,Italy,elite proxy,no,yes,4 seconds ago
47.90.87.225,88,HK,Hong Kong,anonymous,no,no,4 seconds ago
190.5.99.94,3128,HN,Honduras,elite proxy,no,yes,4 seconds ago
163.43.104.66,3128,JP,Japan,elite proxy,no,yes,4 seconds ago
46.147.193.32,32231,RU,Russian Federation,elite proxy,no,no,4 seconds ago
181.112.52.26,53281,EC,Ecuador,elite proxy,no,yes,4 seconds ago
80.48.119.28,8080,PL,Poland,elite proxy,no,no,4 seconds ago
191.252.195.245,80,BR,Brazil,anonymous,no,no,4 seconds ago
190.214.10.238,21776,EC,Ecuador,elite proxy,no,no,4 seconds ago
190.214.56.238,36127,EC,Ecuador,elite proxy,no,yes,4 seconds ago
190.113.181.221,53281,AR,Argentina,elite proxy,no,yes,4 seconds ago
181.120.140.113,8080,PY,Paraguay,elite proxy,no,yes,4 seconds ago
186.226.209.26,53281,BR,Brazil,elite proxy,no,no,4 seconds ago
153.149.169.64,3128,JP,Japan,elite proxy,no,yes,4 seconds ago
59.160.104.253,8080,IN,India,anonymous,no,yes,4 seconds ago
168.194.153.249,53281,BR,Brazil,elite proxy,no,yes,4 seconds ago
181.113.35.38,36127,EC,Ecuador,elite proxy,no,yes,4 seconds ago
54.39.98.138,8080,CA,Canada,anonymous,no,no,4 seconds ago
31.132.238.87,32231,RU,Russian Federation,elite proxy,no,yes,4 seconds ago
190.152.5.10,53281,EC,Ecuador,elite proxy,no,yes,4 seconds ago
94.130.20.85,31288,DE,Germany,anonymous,no,yes,4 seconds ago
181.211.97.242,53281,EC,Ecuador,elite proxy,no,yes,4 seconds ago
54.218.82.190,80,US,United States,elite proxy,no,yes,4 seconds ago
220.227.160.253,8080,IN,India,elite proxy,no,yes,4 seconds ago
138.99.94.221,53281,BR,Brazil,elite proxy,no,yes,4 seconds ago
5.189.133.231,80,DE,Germany,elite proxy,no,no,4 seconds ago
80.211.170.159,80,IT,Italy,anonymous,no,no,4 seconds ago
109.108.88.30,32231,UA,Ukraine,elite proxy,no,no,4 seconds ago
80.240.112.22,41258,RU,Russian Federation,elite proxy,no,yes,4 seconds ago
47.52.20.235,80,HK,Hong Kong,anonymous,no,no,4 seconds ago
35.199.21.82,80,US,United States,elite proxy,no,yes,4 seconds ago
142.93.251.113,8799,US,United States,anonymous,no,no,4 seconds ago
203.150.192.78,41766,TH,Thailand,elite proxy,no,yes,4 seconds ago
185.129.1.149,32231,AZ,Azerbaijan,elite proxy,no,yes,4 seconds ago
185.242.178.10,32231,RU,Russian Federation,elite proxy,no,yes,4 seconds ago
80.211.180.201,80,IT,Italy,anonymous,no,no,26 seconds ago
177.206.131.94,8080,BR,Brazil,elite proxy,no,yes,26 seconds ago
154.236.177.4,8080,EG,Egypt,anonymous,no,yes,26 seconds ago
18.228.146.39,8080,BR,Brazil,anonymous,no,yes,26 seconds ago
142.93.254.222,80,US,United States,anonymous,no,yes,26 seconds ago
196.13.208.23,8080,SC,Seychelles,anonymous,no,no,26 seconds ago
47.91.156.171,80,HK,Hong Kong,anonymous,no,no,26 seconds ago
36.83.101.54,8080,ID,Indonesia,anonymous,no,no,26 seconds ago
191.7.52.11,53281,BR,Brazil,transparent,no,no,26 seconds ago
143.208.2.43,53281,BR,Brazil,elite proxy,no,yes,26 seconds ago
37.230.206.203,36127,RU,Russian Federation,elite proxy,no,yes,26 seconds ago
89.40.127.28,80,DE,Germany,anonymous,no,yes,26 seconds ago
113.53.47.53,8080,TH,Thailand,anonymous,no,no,26 seconds ago
45.227.156.81,53281,BR,Brazil,elite proxy,no,yes,26 seconds ago
177.136.122.98,53281,BR,Brazil,elite proxy,no,yes,26 seconds ago
177.190.147.169,53281,BR,Brazil,elite proxy,no,yes,26 seconds ago
47.52.210.47,80,HK,Hong Kong,anonymous,no,no,26 seconds ago
167.99.12.240,8080,US,United States,anonymous,no,yes,26 seconds ago
93.170.15.196,32231,UA,Ukraine,elite proxy,no,yes,26 seconds ago
47.52.143.121,8080,HK,Hong Kong,anonymous,no,no,26 seconds ago
176.53.2.122,8080,TR,Turkey,elite proxy,no,no,27 seconds ago
190.214.24.58,65205,EC,Ecuador,elite proxy,no,yes,27 seconds ago
194.67.222.22,8080,RU,Russian Federation,elite proxy,no,yes,27 seconds ago
89.189.157.93,32231,RU,Russian Federation,elite proxy,no,yes,27 seconds ago
200.183.80.178,21231,BR,Brazil,elite proxy,no,yes,27 seconds ago
103.217.154.108,21231,IN,India,transparent,no,no,1 minute ago
162.249.248.218,53281,US,United States,transparent,no,no,1 minute ago
36.72.22.143,8080,ID,Indonesia,transparent,no,no,1 minute ago
202.148.20.218,80,ID,Indonesia,transparent,no,no,1 minute ago
79.136.155.37,32231,RU,Russian Federation,transparent,no,no,1 minute ago
46.0.206.117,53281,RU,Russian Federation,transparent,no,no,1 minute ago
94.155.134.18,41258,BG,Bulgaria,transparent,no,no,1 minute ago
182.253.209.203,3128,ID,Indonesia,transparent,no,no,1 minute ago
77.252.137.147,32231,PL,Poland,transparent,no,no,1 minute ago
201.216.197.220,8080,AR,Argentina,transparent,no,no,1 minute ago
186.46.92.83,8080,EC,Ecuador,transparent,no,no,1 minute ago
178.128.81.203,8080,SG,Singapore,transparent,no,no,1 minute ago
46.252.246.126,8080,RU,Russian Federation,transparent,no,no,1 minute ago
203.170.69.234,8080,PK,Pakistan,transparent,no,no,1 minute ago
91.229.251.54,41258,PL,Poland,transparent,no,no,1 minute ago
46.39.245.179,32231,RU,Russian Federation,transparent,no,no,1 minute ago
176.115.197.118,8080,RU,Russian Federation,transparent,no,no,1 minute ago
190.7.66.110,8080,CO,Colombia,transparent,no,no,1 minute ago
185.159.87.122,21776,IR,Iran,transparent,no,no,1 minute ago
191.36.192.196,3128,BR,Brazil,transparent,no,no,1 minute ago
195.24.210.94,32231,CM,Cameroon,transparent,no,no,1 minute ago
177.190.147.74,21776,BR,Brazil,transparent,no,no,1 minute ago
194.187.216.228,53281,UA,Ukraine,transparent,no,no,1 minute ago
201.87.244.3,8080,BR,Brazil,transparent,no,no,1 minute ago
152.169.26.14,53281,AR,Argentina,transparent,no,no,1 minute ago
192.144.107.212,32231,BR,Brazil,transparent,no,no,1 minute ago
202.51.188.170,53281,BD,Bangladesh,transparent,no,no,1 minute ago
193.151.236.197,41258,RU,Russian Federation,transparent,no,no,1 minute ago
185.142.208.139,41258,CZ,Czech Republic,transparent,no,no,1 minute ago
212.36.202.98,53281,LB,Lebanon,transparent,no,no,1 minute ago
43.224.8.10,6666,IN,India,transparent,no,no,1 minute ago
180.250.150.73,8080,ID,Indonesia,transparent,no,no,1 minute ago
5.59.54.14,8080,UA,Ukraine,transparent,no,no,1 minute ago
36.67.93.220,3128,ID,Indonesia,transparent,no,no,1 minute ago
109.160.80.26,8080,BG,Bulgaria,transparent,no,no,1 minute ago
58.65.175.102,80,PK,Pakistan,transparent,no,no,1 minute ago
104.248.63.16,53281,US,United States,transparent,no,no,1 minute ago
125.162.90.177,53281,ID,Indonesia,transparent,no,no,1 minute ago
142.93.196.174,8080,US,United States,transparent,no,no,1 minute ago
87.98.156.220,8080,FR,France,transparent,no,no,1 minute ago
170.83.174.181,21776,BR,Brazil,transparent,no,no,1 minute ago
91.104.89.137,8080,HU,Hungary,transparent,no,no,1 minute ago
94.156.57.19,8080,BG,Bulgaria,transparent,no,no,1 minute ago
95.67.92.156,46229,UA,Ukraine,transparent,no,no,2 minutes ago
104.237.252.30,8181,US,United States,transparent,no,no,2 minutes ago
178.128.208.132,8080,GR,Greece,transparent,no,no,2 minutes ago
195.46.20.146,21231,GR,Greece,transparent,no,no,2 minutes ago
167.99.156.71,8080,US,United States,transparent,no,no,2 minutes ago
41.188.149.42,8080,TZ,Tanzania,transparent,no,no,2 minutes ago
200.148.126.102,21776,BR,Brazil,transparent,no,no,2 minutes ago
54.36.229.50,32231,FR,France,transparent,no,no,2 minutes ago
36.89.55.83,8080,ID,Indonesia,transparent,no,no,2 minutes ago
201.75.104.224,8080,BR,Brazil,transparent,no,no,2 minutes ago
94.68.101.87,8080,GR,Greece,transparent,no,no,2 minutes ago
109.86.207.1,32231,UA,Ukraine,transparent,no,no,2 minutes ago
212.232.9.116,53281,RU,Russian Federation,transparent,no,no,2 minutes ago
103.199.168.233,8080,BD,Bangladesh,transparent,no,no,2 minutes ago
188.225.184.156,8080,PS,Palestinian Territory,transparent,no,no,2 minutes ago
103.216.82.190,6666,IN,India,transparent,no,no,2 minutes ago
89.175.123.166,32231,RU,Russian Federation,transparent,no,no,2 minutes ago
82.144.169.90,41258,HU,Hungary,transparent,no,no,2 minutes ago
85.255.39.247,32231,NO,Norway,transparent,no,no,2 minutes ago
184.82.78.181,8080,TH,Thailand,transparent,no,no,2 minutes ago
5.133.24.245,8080,PS,Palestinian Territory,transparent,no,no,2 minutes ago
200.102.9.242,8080,BR,Brazil,transparent,no,no,2 minutes ago
62.205.169.74,53281,RU,Russian Federation,transparent,no,no,3 minutes ago
54.37.30.59,3128,FR,France,transparent,no,no,3 minutes ago
103.46.233.27,83,IN,India,transparent,no,no,3 minutes ago
131.0.61.34,21213,BR,Brazil,transparent,no,no,3 minutes ago
103.25.138.233,8080,PK,Pakistan,transparent,no,no,3 minutes ago
178.134.36.10,8080,GE,Georgia,transparent,no,no,3 minutes ago
188.170.52.188,21231,RU,Russian Federation,transparent,no,no,4 minutes ago
186.47.224.30,53281,EC,Ecuador,transparent,no,no,4 minutes ago
187.4.110.58,21776,BR,Brazil,transparent,no,no,4 minutes ago
202.162.195.76,8080,ID,Indonesia,transparent,no,no,4 minutes ago
179.189.87.212,20183,BR,Brazil,transparent,no,no,4 minutes ago
206.189.84.37,8000,US,United States,transparent,no,no,4 minutes ago
138.219.201.175,20183,BR,Brazil,transparent,no,no,4 minutes ago
190.215.88.252,8080,CL,Chile,transparent,no,no,4 minutes ago
220.127.80.149,80,KR,Korea,transparent,no,no,4 minutes ago
186.194.219.15,3128,BR,Brazil,transparent,no,no,4 minutes ago
118.189.172.136,80,SG,Singapore,transparent,no,no,4 minutes ago
103.210.33.115,53281,IN,India,elite proxy,no,yes,10 minutes ago
78.186.111.31,32231,TR,Turkey,elite proxy,no,yes,10 minutes ago
212.83.164.85,80,FR,France,elite proxy,no,no,10 minutes ago
190.189.48.107,53281,AR,Argentina,elite proxy,no,yes,10 minutes ago
54.88.23.69,80,US,United States,elite proxy,no,yes,10 minutes ago
153.149.185.154,8080,JP,Japan,elite proxy,no,yes,10 minutes ago
117.206.150.230,53281,IN,India,elite proxy,no,yes,10 minutes ago
60.250.79.187,80,TW,Taiwan,anonymous,no,no,10 minutes ago
79.173.124.207,53281,RU,Russian Federation,elite proxy,no,no,10 minutes ago
143.208.2.42,53281,BR,Brazil,elite proxy,no,yes,10 minutes ago
103.58.249.143,8080,IN,India,elite proxy,no,yes,10 minutes ago
80.249.90.229,53281,BY,Belarus,elite proxy,no,yes,10 minutes ago
103.110.37.236,21631,IN,India,elite proxy,no,yes,10 minutes ago
163.43.105.243,3128,JP,Japan,elite proxy,no,yes,10 minutes ago
114.7.5.214,53281,ID,Indonesia,elite proxy,no,no,10 minutes ago
186.43.224.112,21776,EC,Ecuador,elite proxy,no,no,10 minutes ago
128.201.97.154,53281,BR,Brazil,elite proxy,no,yes,10 minutes ago
47.52.252.199,80,HK,Hong Kong,anonymous,no,no,10 minutes ago
195.128.104.37,32231,AT,Austria,elite proxy,no,yes,10 minutes ago
41.193.210.194,36127,ZA,South Africa,elite proxy,no,yes,10 minutes ago
198.13.41.186,8118,JP,Japan,elite proxy,no,yes,10 minutes ago
185.107.207.232,32231,IT,Italy,elite proxy,no,yes,10 minutes ago
190.214.16.230,53281,EC,Ecuador,elite proxy,no,yes,10 minutes ago
1.53.137.140,21776,VN,Vietnam,elite proxy,no,yes,10 minutes ago
186.192.98.104,21776,BR,Brazil,elite proxy,no,yes,10 minutes ago
95.47.35.201,32231,ES,Spain,elite proxy,no,yes,10 minutes ago
113.253.113.90,8380,HK,Hong Kong,anonymous,no,no,10 minutes ago
94.246.180.215,41258,PL,Poland,elite proxy,no,yes,10 minutes ago
86.122.4.13,41258,RO,Romania,elite proxy,no,yes,10 minutes ago
103.205.26.100,53281,KH,Cambodia,elite proxy,no,yes,10 minutes ago
109.87.40.23,21213,UA,Ukraine,elite proxy,no,yes,10 minutes ago
109.104.252.231,32231,IT,Italy,elite proxy,no,yes,10 minutes ago
47.89.241.103,8080,US,United States,anonymous,no,no,10 minutes ago
83.238.4.86,8080,PL,Poland,elite proxy,no,yes,10 minutes ago
36.74.81.102,53281,ID,Indonesia,elite proxy,no,yes,10 minutes ago
201.230.62.19,36127,PE,Peru,elite proxy,no,yes,10 minutes ago
186.215.241.82,53281,BR,Brazil,elite proxy,no,no,10 minutes ago
186.46.192.110,53281,EC,Ecuador,elite proxy,no,yes,10 minutes ago
202.134.180.35,36127,IN,India,transparent,no,no,11 minutes ago
190.107.216.4,8080,AR,Argentina,transparent,no,no,11 minutes ago
65.202.252.162,8080,US,United States,transparent,no,no,11 minutes ago
79.129.36.111,53281,GR,Greece,transparent,no,no,11 minutes ago
103.251.225.24,6666,IN,India,transparent,no,no,11 minutes ago
176.31.141.22,21231,FR,France,transparent,no,no,11 minutes ago
213.146.212.33,8080,PT,Portugal,transparent,no,no,11 minutes ago
181.176.209.86,8080,PE,Peru,transparent,no,no,11 minutes ago
110.93.13.29,80,ID,Indonesia,transparent,no,no,11 minutes ago
79.190.145.143,3128,PL,Poland,transparent,no,no,11 minutes ago
87.117.3.102,8081,RU,Russian Federation,transparent,no,no,11 minutes ago
31.135.97.31,21231,UA,Ukraine,transparent,no,no,11 minutes ago
131.161.26.90,80,BR,Brazil,transparent,no,no,11 minutes ago
194.31.33.27,21231,PL,Poland,transparent,no,no,11 minutes ago
176.121.70.122,21776,ES,Spain,transparent,no,no,11 minutes ago
197.91.142.205,80,ZA,South Africa,transparent,no,no,11 minutes ago
178.151.242.200,32231,UA,Ukraine,transparent,no,no,11 minutes ago
118.141.73.231,80,HK,Hong Kong,transparent,no,no,11 minutes ago
168.194.154.172,53281,BR,Brazil,transparent,no,no,11 minutes ago
14.139.155.201,9797,IN,India,anonymous,no,no,11 minutes ago
178.33.23.180,8080,FR,France,transparent,no,no,11 minutes ago
195.144.245.98,41258,RU,Russian Federation,transparent,no,no,11 minutes ago
85.207.6.107,36127,CZ,Czech Republic,transparent,no,no,11 minutes ago
47.90.126.204,8090,HK,Hong Kong,anonymous,no,no,11 minutes ago
103.21.161.105,6666,IN,India,transparent,no,no,11 minutes ago
187.122.189.56,8080,BR,Brazil,transparent,no,no,11 minutes ago
154.65.94.200,8080,ZA,South Africa,transparent,no,no,11 minutes ago
183.89.8.119,8080,TH,Thailand,transparent,no,no,11 minutes ago
104.248.63.24,53281,US,United States,transparent,no,no,11 minutes ago
189.109.140.243,8080,BR,Brazil,transparent,no,no,11 minutes ago
89.47.171.51,41258,PL,Poland,transparent,no,no,11 minutes ago
195.9.170.110,32231,RU,Russian Federation,transparent,no,no,11 minutes ago
43.239.79.98,3128,IN,India,transparent,no,no,11 minutes ago
103.8.78.122,8080,ID,Indonesia,transparent,no,no,11 minutes ago
213.131.45.250,8080,GE,Georgia,transparent,no,no,11 minutes ago
202.154.188.36,8080,ID,Indonesia,transparent,no,no,11 minutes ago
187.95.125.66,53281,BR,Brazil,elite proxy,no,no,11 minutes ago
103.240.109.171,53281,ID,Indonesia,elite proxy,no,no,11 minutes ago
176.10.44.168,32231,SK,Slovakia,elite proxy,no,no,11 minutes ago
213.239.218.54,8118,DE,Germany,elite proxy,no,no,11 minutes ago
190.152.5.146,36127,EC,Ecuador,elite proxy,no,no,11 minutes ago
51.38.162.2,32231,ES,Spain,elite proxy,no,no,11 minutes ago
181.115.239.186,36127,BO,Bolivia,elite proxy,no,no,11 minutes ago
186.47.41.146,53281,EC,Ecuador,elite proxy,no,no,11 minutes ago
157.65.169.86,3129,JP,Japan,elite proxy,no,no,11 minutes ago
94.229.90.10,41258,CZ,Czech Republic,elite proxy,no,no,11 minutes ago
41.90.115.18,8080,KE,Kenya,elite proxy,no,no,11 minutes ago
103.195.27.244,36127,IN,India,elite proxy,no,no,11 minutes ago
186.10.74.165,21231,CL,Chile,elite proxy,no,no,11 minutes ago
103.94.125.110,8080,ID,Indonesia,transparent,no,no,12 minutes ago
113.53.158.46,8080,TH,Thailand,transparent,no,no,12 minutes ago
77.120.224.224,32231,UA,Ukraine,transparent,no,no,12 minutes ago
200.171.182.199,3128,BR,Brazil,transparent,no,no,12 minutes ago
202.137.25.8,8080,ID,Indonesia,transparent,no,no,12 minutes ago
91.109.199.195,21231,IT,Italy,transparent,no,no,12 minutes ago
167.99.15.164,80,US,United States,transparent,no,no,12 minutes ago
36.89.194.195,21776,ID,Indonesia,transparent,no,no,12 minutes ago
118.141.72.174,80,HK,Hong Kong,transparent,no,no,12 minutes ago
118.171.190.28,3128,TW,Taiwan,transparent,no,no,12 minutes ago
94.102.127.8,8080,RU,Russian Federation,transparent,no,no,12 minutes ago
81.198.66.163,8080,LV,Latvia,transparent,no,no,12 minutes ago
109.111.160.112,3128,RU,Russian Federation,transparent,no,no,12 minutes ago
138.201.38.113,3128,DE,Germany,transparent,no,no,12 minutes ago
103.239.254.18,8080,BD,Bangladesh,transparent,no,no,12 minutes ago
